,Entity,Code,Year,Poverty,country code
0,Albania,ALB,1996,1.1,3.0
1,Albania,ALB,2002,2.0,3.0
2,Albania,ALB,2005,1.1,3.0
3,Albania,ALB,2008,0.4,3.0
4,Albania,ALB,2012,1.1,3.0
5,Algeria,DZA,1988,6.5,4.0
6,Algeria,DZA,1995,5.9,4.0
7,Algeria,DZA,2011,0.5,4.0
8,Angola,AGO,2000,32.3,7.0
9,Angola,AGO,2008,30.1,7.0
10,Argentina,ARG,1980,0.4,9.0
11,Argentina,ARG,1986,0.0,9.0
12,Argentina,ARG,1987,0.0,9.0
13,Argentina,ARG,1991,1.1,9.0
14,Argentina,ARG,1992,2.1,9.0
15,Argentina,ARG,1993,2.4,9.0
16,Argentina,ARG,1994,2.3,9.0
17,Argentina,ARG,1995,4.1,9.0
18,Argentina,ARG,1996,4.6,9.0
19,Argentina,ARG,1997,4.1,9.0
20,Argentina,ARG,1998,4.6,9.0
21,Argentina,ARG,1999,4.8,9.0
22,Argentina,ARG,2000,5.7,9.0
23,Argentina,ARG,2001,9.4,9.0
24,Argentina,ARG,2002,14.0,9.0
25,Argentina,ARG,2003,7.0,9.0
26,Argentina,ARG,2004,5.4,9.0
27,Argentina,ARG,2005,3.9,9.0
28,Argentina,ARG,2006,3.3,9.0
29,Argentina,ARG,2007,2.9,9.0
30,Argentina,ARG,2008,2.6,9.0
31,Argentina,ARG,2009,2.6,9.0
32,Argentina,ARG,2010,1.1,9.0
33,Argentina,ARG,2011,0.9,9.0
34,Argentina,ARG,2012,0.8,9.0
35,Argentina,ARG,2013,0.8,9.0
36,Argentina,ARG,2014,0.7,9.0
37,Argentina,ARG,2016,0.6,9.0
38,Armenia,ARM,1999,16.9,1.0
39,Armenia,ARM,2001,19.3,1.0
40,Armenia,ARM,2002,15.1,1.0
41,Armenia,ARM,2003,11.4,1.0
42,Armenia,ARM,2004,7.9,1.0
43,Armenia,ARM,2005,4.4,1.0
44,Armenia,ARM,2006,3.2,1.0
45,Armenia,ARM,2007,2.8,1.0
46,Armenia,ARM,2008,1.4,1.0
47,Armenia,ARM,2009,1.9,1.0
48,Armenia,ARM,2010,1.9,1.0
49,Armenia,ARM,2011,2.2,1.0
50,Armenia,ARM,2012,1.6,1.0
51,Armenia,ARM,2013,2.2,1.0
52,Armenia,ARM,2014,2.3,1.0
53,Armenia,ARM,2015,1.9,1.0
54,Armenia,ARM,2016,1.8,1.0
55,Australia,AUS,1981,1.0,10.0
56,Australia,AUS,1985,1.0,10.0
57,Australia,AUS,1989,0.7,10.0
58,Australia,AUS,1995,0.7,10.0
59,Australia,AUS,2001,0.7,10.0
60,Australia,AUS,2003,1.0,10.0
61,Australia,AUS,2008,0.5,10.0
62,Australia,AUS,2010,0.5,10.0
63,Austria,AUT,2003,0.2,11.0
64,Austria,AUT,2004,0.0,11.0
65,Austria,AUT,2005,0.2,11.0
66,Austria,AUT,2006,0.0,11.0
67,Austria,AUT,2007,0.5,11.0
68,Austria,AUT,2008,0.5,11.0
69,Austria,AUT,2009,0.5,11.0
70,Austria,AUT,2010,0.5,11.0
71,Austria,AUT,2011,0.5,11.0
72,Austria,AUT,2012,0.5,11.0
73,Austria,AUT,2013,0.2,11.0
74,Austria,AUT,2014,0.2,11.0
75,Austria,AUT,2015,0.7,11.0
76,Azerbaijan,AZE,1995,7.3,52.0
77,Azerbaijan,AZE,2001,2.7,52.0
78,Azerbaijan,AZE,2002,0.0,52.0
79,Azerbaijan,AZE,2003,0.0,52.0
80,Azerbaijan,AZE,2004,0.0,52.0
81,Azerbaijan,AZE,2005,0.0,52.0
82,Bangladesh,BGD,1983,29.9,16.0
83,Bangladesh,BGD,1985,25.4,16.0
84,Bangladesh,BGD,1988,37.8,16.0
85,Bangladesh,BGD,1991,44.2,16.0
86,Bangladesh,BGD,1995,35.7,16.0
87,Bangladesh,BGD,2000,34.8,16.0
88,Bangladesh,BGD,2005,25.7,16.0
89,Bangladesh,BGD,2010,19.6,16.0
90,Bangladesh,BGD,2016,14.8,16.0
91,Belarus,BLR,1998,11.5,57.0
92,Belarus,BLR,1999,10.4,57.0
93,Belarus,BLR,2000,7.1,57.0
94,Belarus,BLR,2001,3.2,57.0
95,Belarus,BLR,2002,2.0,57.0
96,Belarus,BLR,2003,1.4,57.0
97,Belarus,BLR,2004,0.3,57.0
98,Belarus,BLR,2005,0.4,57.0
99,Belarus,BLR,2006,0.1,57.0
100,Belarus,BLR,2007,0.1,57.0
101,Belarus,BLR,2008,0.0,57.0
102,Belarus,BLR,2009,0.0,57.0
103,Belarus,BLR,2010,0.0,57.0
104,Belarus,BLR,2011,0.0,57.0
105,Belarus,BLR,2012,0.0,57.0
106,Belarus,BLR,2013,0.0,57.0
107,Belarus,BLR,2014,0.0,57.0
108,Belarus,BLR,2015,0.0,57.0
109,Belarus,BLR,2016,0.0,57.0
110,Belgium,BEL,2003,0.2,255.0
111,Belgium,BEL,2004,0.0,255.0
112,Belgium,BEL,2005,0.2,255.0
113,Belgium,BEL,2006,0.2,255.0
114,Belgium,BEL,2007,0.2,255.0
115,Belgium,BEL,2008,0.0,255.0
116,Belgium,BEL,2009,0.0,255.0
117,Belgium,BEL,2010,0.2,255.0
118,Belgium,BEL,2011,0.2,255.0
119,Belgium,BEL,2012,0.2,255.0
120,Belgium,BEL,2013,0.2,255.0
121,Belgium,BEL,2014,0.0,255.0
122,Belgium,BEL,2015,0.0,255.0
123,Belize,BLZ,1993,10.1,23.0
124,Belize,BLZ,1994,9.9,23.0
125,Belize,BLZ,1996,13.3,23.0
126,Belize,BLZ,1997,16.0,23.0
127,Belize,BLZ,1998,15.1,23.0
128,Belize,BLZ,1999,14.9,23.0
129,Benin,BEN,2003,48.8,53.0
130,Benin,BEN,2011,53.1,53.0
131,Benin,BEN,2015,49.6,53.0
132,Bhutan,BTN,2003,17.6,
133,Bhutan,BTN,2007,8.0,
134,Bhutan,BTN,2012,2.2,
135,Bhutan,BTN,2017,1.5,
136,Bolivia,BOL,1990,7.1,19.0
137,Bolivia,BOL,1997,19.3,19.0
138,Bolivia,BOL,1999,25.3,19.0
139,Bolivia,BOL,2000,28.6,19.0
140,Bolivia,BOL,2001,22.8,19.0
141,Bolivia,BOL,2002,24.7,19.0
142,Bolivia,BOL,2004,13.7,19.0
143,Bolivia,BOL,2005,19.3,19.0
144,Bolivia,BOL,2006,16.4,19.0
145,Bolivia,BOL,2007,12.4,19.0
146,Bolivia,BOL,2008,11.1,19.0
147,Bolivia,BOL,2009,10.5,19.0
148,Bolivia,BOL,2011,7.3,19.0
149,Bolivia,BOL,2012,8.2,19.0
150,Bolivia,BOL,2013,6.9,19.0
151,Bolivia,BOL,2014,5.8,19.0
152,Bolivia,BOL,2015,6.4,19.0
153,Bolivia,BOL,2016,7.1,19.0
154,Bosnia and Herzegovina,BIH,2001,0.3,80.0
155,Bosnia and Herzegovina,BIH,2004,0.2,80.0
156,Bosnia and Herzegovina,BIH,2007,0.1,80.0
157,Bosnia and Herzegovina,BIH,2011,0.1,80.0
158,Bosnia and Herzegovina,BIH,2015,0.2,80.0
159,Botswana,BWA,1985,42.6,20.0
160,Botswana,BWA,1993,34.8,20.0
161,Botswana,BWA,2002,29.8,20.0
162,Botswana,BWA,2009,18.2,20.0
163,Brazil,BRA,1981,21.4,21.0
164,Brazil,BRA,1982,21.8,21.0
165,Brazil,BRA,1983,27.7,21.0
166,Brazil,BRA,1984,26.9,21.0
167,Brazil,BRA,1985,23.1,21.0
168,Brazil,BRA,1986,10.5,21.0
169,Brazil,BRA,1987,17.8,21.0
170,Brazil,BRA,1988,20.1,21.0
171,Brazil,BRA,1989,18.3,21.0
172,Brazil,BRA,1990,21.6,21.0
173,Brazil,BRA,1992,20.9,21.0
174,Brazil,BRA,1993,19.9,21.0
175,Brazil,BRA,1995,13.0,21.0
176,Brazil,BRA,1996,14.2,21.0
177,Brazil,BRA,1997,14.0,21.0
178,Brazil,BRA,1998,12.7,21.0
179,Brazil,BRA,1999,13.4,21.0
180,Brazil,BRA,2001,11.6,21.0
181,Brazil,BRA,2002,10.3,21.0
182,Brazil,BRA,2003,11.1,21.0
183,Brazil,BRA,2004,9.7,21.0
184,Brazil,BRA,2005,8.6,21.0
185,Brazil,BRA,2006,7.2,21.0
186,Brazil,BRA,2007,6.8,21.0
187,Brazil,BRA,2008,5.6,21.0
188,Brazil,BRA,2009,5.4,21.0
189,Brazil,BRA,2011,4.7,21.0
190,Brazil,BRA,2012,3.8,21.0
191,Brazil,BRA,2013,3.8,21.0
192,Brazil,BRA,2014,2.8,21.0
193,Brazil,BRA,2015,3.4,21.0
194,Bulgaria,BGR,1992,0.0,27.0
195,Bulgaria,BGR,2006,5.5,27.0
196,Bulgaria,BGR,2007,1.7,27.0
197,Bulgaria,BGR,2008,1.2,27.0
198,Bulgaria,BGR,2009,1.2,27.0
199,Bulgaria,BGR,2010,2.0,27.0
200,Bulgaria,BGR,2011,2.2,27.0
201,Bulgaria,BGR,2012,2.0,27.0
202,Bulgaria,BGR,2013,1.7,27.0
203,Bulgaria,BGR,2014,1.5,27.0
204,Burkina Faso,BFA,1994,83.1,233.0
205,Burkina Faso,BFA,1998,81.6,233.0
206,Burkina Faso,BFA,2003,57.3,233.0
207,Burkina Faso,BFA,2009,55.3,233.0
208,Burkina Faso,BFA,2014,43.7,233.0
209,Burundi,BDI,1992,81.1,
210,Burundi,BDI,1998,84.1,
211,Burundi,BDI,2006,77.7,
212,Burundi,BDI,2013,71.7,
213,Cameroon,CMR,1996,48.1,32.0
214,Cameroon,CMR,2001,23.1,32.0
215,Cameroon,CMR,2007,29.3,32.0
216,Cameroon,CMR,2014,23.8,32.0
217,Canada,CAN,1981,0.5,33.0
218,Canada,CAN,1987,0.2,33.0
219,Canada,CAN,1991,0.2,33.0
220,Canada,CAN,1994,0.2,33.0
221,Canada,CAN,1997,0.5,33.0
222,Canada,CAN,1998,0.5,33.0
223,Canada,CAN,2000,0.2,33.0
224,Canada,CAN,2004,0.2,33.0
225,Canada,CAN,2007,0.2,33.0
226,Canada,CAN,2010,0.2,33.0
227,Canada,CAN,2013,0.5,33.0
228,Cape Verde,CPV,2001,16.0,35.0
229,Cape Verde,CPV,2007,8.1,35.0
230,Central African Republic,CAF,1992,84.3,37.0
231,Central African Republic,CAF,2003,64.8,37.0
232,Central African Republic,CAF,2008,66.3,37.0
233,Chad,TCD,2003,62.9,39.0
234,Chad,TCD,2011,38.4,39.0
235,Chile,CHL,1987,11.7,40.0
236,Chile,CHL,1990,8.1,40.0
237,Chile,CHL,1992,4.7,40.0
238,Chile,CHL,1994,5.0,40.0
239,Chile,CHL,1996,3.4,40.0
240,Chile,CHL,1998,3.5,40.0
241,Chile,CHL,2000,4.4,40.0
242,Chile,CHL,2003,4.2,40.0
243,Chile,CHL,2006,2.4,40.0
244,Chile,CHL,2009,2.6,40.0
245,Chile,CHL,2011,1.6,40.0
246,Chile,CHL,2013,0.9,40.0
247,Chile,CHL,2015,1.3,40.0
248,China,CHN,1990,66.6,41.0
249,China,CHN,1993,57.0,41.0
250,China,CHN,1996,42.0,41.0
251,China,CHN,1999,40.5,41.0
252,China,CHN,2002,31.9,41.0
253,China,CHN,2005,18.7,41.0
254,China,CHN,2008,14.7,41.0
255,China,CHN,2010,11.2,41.0
256,China,CHN,2011,7.9,41.0
257,China,CHN,2012,6.5,41.0
258,China,CHN,2013,1.9,41.0
259,China,CHN,2014,1.4,41.0
260,China,CHN,2015,0.7,41.0
261,Colombia,COL,1992,8.9,44.0
262,Colombia,COL,1996,16.5,44.0
263,Colombia,COL,1999,20.1,44.0
264,Colombia,COL,2000,16.4,44.0
265,Colombia,COL,2001,19.7,44.0
266,Colombia,COL,2002,14.3,44.0
267,Colombia,COL,2003,12.0,44.0
268,Colombia,COL,2004,10.9,44.0
269,Colombia,COL,2005,9.7,44.0
270,Colombia,COL,2008,10.4,44.0
271,Colombia,COL,2009,9.0,44.0
272,Colombia,COL,2010,7.8,44.0
273,Colombia,COL,2011,6.4,44.0
274,Colombia,COL,2012,6.3,44.0
275,Colombia,COL,2013,5.7,44.0
276,Colombia,COL,2014,5.0,44.0
277,Colombia,COL,2015,4.5,44.0
278,Colombia,COL,2016,4.5,44.0
279,Comoros,COM,2004,13.5,
280,Comoros,COM,2013,18.1,
281,Congo,COG,2005,51.6,46.0
282,Congo,COG,2011,37.0,46.0
283,Costa Rica,CRI,1981,24.7,48.0
284,Costa Rica,CRI,1986,13.2,48.0
285,Costa Rica,CRI,1989,12.0,48.0
286,Costa Rica,CRI,1990,9.9,48.0
287,Costa Rica,CRI,1991,11.7,48.0
288,Costa Rica,CRI,1992,9.6,48.0
289,Costa Rica,CRI,1993,8.0,48.0
290,Costa Rica,CRI,1994,6.6,48.0
291,Costa Rica,CRI,1995,6.9,48.0
292,Costa Rica,CRI,1996,8.0,48.0
293,Costa Rica,CRI,1997,6.5,48.0
294,Costa Rica,CRI,1998,5.1,48.0
295,Costa Rica,CRI,1999,6.4,48.0
296,Costa Rica,CRI,2000,6.5,48.0
297,Costa Rica,CRI,2001,4.7,48.0
298,Costa Rica,CRI,2002,4.5,48.0
299,Costa Rica,CRI,2003,4.4,48.0
300,Costa Rica,CRI,2004,4.3,48.0
301,Costa Rica,CRI,2005,3.1,48.0
302,Costa Rica,CRI,2006,3.2,48.0
303,Costa Rica,CRI,2007,1.7,48.0
304,Costa Rica,CRI,2008,2.2,48.0
305,Costa Rica,CRI,2009,2.4,48.0
306,Costa Rica,CRI,2010,1.5,48.0
307,Costa Rica,CRI,2011,1.6,48.0
308,Costa Rica,CRI,2012,1.6,48.0
309,Costa Rica,CRI,2013,1.6,48.0
310,Costa Rica,CRI,2014,1.4,48.0
311,Costa Rica,CRI,2015,1.5,48.0
312,Costa Rica,CRI,2016,1.3,48.0
313,Cote d'Ivoire,CIV,1985,6.8,107.0
314,Cote d'Ivoire,CIV,1986,3.1,107.0
315,Cote d'Ivoire,CIV,1987,6.8,107.0
316,Cote d'Ivoire,CIV,1988,10.7,107.0
317,Cote d'Ivoire,CIV,1992,22.4,107.0
318,Cote d'Ivoire,CIV,1995,19.6,107.0
319,Cote d'Ivoire,CIV,1998,25.8,107.0
320,Cote d'Ivoire,CIV,2002,23.2,107.0
321,Cote d'Ivoire,CIV,2008,29.1,107.0
322,Cote d'Ivoire,CIV,2015,28.2,107.0
323,Croatia,HRV,1988,0.0,98.0
324,Croatia,HRV,2009,1.0,98.0
325,Croatia,HRV,2010,1.2,98.0
326,Croatia,HRV,2011,0.7,98.0
327,Croatia,HRV,2012,0.7,98.0
328,Croatia,HRV,2013,0.7,98.0
329,Croatia,HRV,2014,1.0,98.0
330,Croatia,HRV,2015,0.7,98.0
331,Cyprus,CYP,2004,0.0,50.0
332,Cyprus,CYP,2005,0.0,50.0
333,Cyprus,CYP,2006,0.0,50.0
334,Cyprus,CYP,2007,0.0,50.0
335,Cyprus,CYP,2008,0.0,50.0
336,Cyprus,CYP,2009,0.0,50.0
337,Cyprus,CYP,2010,0.0,50.0
338,Cyprus,CYP,2011,0.0,50.0
339,Cyprus,CYP,2012,0.0,50.0
340,Cyprus,CYP,2013,0.0,50.0
341,Cyprus,CYP,2014,0.0,50.0
342,Cyprus,CYP,2015,0.0,50.0
343,Czechia,CZE,1993,0.0,167.0
344,Czechia,CZE,1996,0.2,167.0
345,Czechia,CZE,2004,0.0,167.0
346,Czechia,CZE,2005,0.0,167.0
347,Czechia,CZE,2006,0.0,167.0
348,Czechia,CZE,2007,0.0,167.0
349,Czechia,CZE,2008,0.0,167.0
350,Czechia,CZE,2009,0.0,167.0
351,Czechia,CZE,2010,0.0,167.0
352,Czechia,CZE,2011,0.0,167.0
353,Czechia,CZE,2012,0.0,167.0
354,Czechia,CZE,2013,0.0,167.0
355,Czechia,CZE,2014,0.0,167.0
356,Czechia,CZE,2015,0.0,167.0
357,Democratic Republic of Congo,COD,2004,94.1,
358,Democratic Republic of Congo,COD,2012,77.1,
359,Denmark,DNK,2003,0.2,54.0
360,Denmark,DNK,2004,0.2,54.0
361,Denmark,DNK,2005,0.2,54.0
362,Denmark,DNK,2006,0.2,54.0
363,Denmark,DNK,2007,0.0,54.0
364,Denmark,DNK,2008,0.2,54.0
365,Denmark,DNK,2009,0.5,54.0
366,Denmark,DNK,2010,0.0,54.0
367,Denmark,DNK,2011,0.0,54.0
368,Denmark,DNK,2012,0.0,54.0
369,Denmark,DNK,2013,0.2,54.0
370,Denmark,DNK,2014,0.2,54.0
371,Denmark,DNK,2015,0.2,54.0
372,Djibouti,DJI,2002,20.6,72.0
373,Djibouti,DJI,2012,18.3,72.0
374,Djibouti,DJI,2013,22.5,72.0
375,Dominican Republic,DOM,1986,5.2,56.0
376,Dominican Republic,DOM,1989,13.4,56.0
377,Dominican Republic,DOM,1992,5.3,56.0
378,Dominican Republic,DOM,1996,4.9,56.0
379,Dominican Republic,DOM,1997,5.2,56.0
380,Dominican Republic,DOM,2000,5.5,56.0
381,Dominican Republic,DOM,2001,4.0,56.0
382,Dominican Republic,DOM,2002,6.0,56.0
383,Dominican Republic,DOM,2003,6.9,56.0
384,Dominican Republic,DOM,2004,8.8,56.0
385,Dominican Republic,DOM,2005,5.8,56.0
386,Dominican Republic,DOM,2006,4.5,56.0
387,Dominican Republic,DOM,2007,4.5,56.0
388,Dominican Republic,DOM,2008,3.8,56.0
389,Dominican Republic,DOM,2009,3.3,56.0
390,Dominican Republic,DOM,2010,2.6,56.0
391,Dominican Republic,DOM,2011,2.9,56.0
392,Dominican Republic,DOM,2012,2.7,56.0
393,Dominican Republic,DOM,2013,2.4,56.0
394,Dominican Republic,DOM,2014,2.3,56.0
395,Dominican Republic,DOM,2015,1.9,56.0
396,Dominican Republic,DOM,2016,1.6,56.0
397,East Asia & Pacific,,1981,80.8,
398,East Asia & Pacific,,1984,70.5,
399,East Asia & Pacific,,1987,59.5,
400,East Asia & Pacific,,1990,61.6,
401,East Asia & Pacific,,1993,54.0,
402,East Asia & Pacific,,1996,41.1,
403,East Asia & Pacific,,1999,38.8,
404,East Asia & Pacific,,2002,29.9,
405,East Asia & Pacific,,2005,19.1,
406,East Asia & Pacific,,2008,15.1,
407,East Asia & Pacific,,2010,11.2,
408,East Asia & Pacific,,2011,8.6,
409,East Asia & Pacific,,2012,7.3,
410,East Asia & Pacific,,2013,3.6,
411,East Asia & Pacific,,2015,2.3,
412,Ecuador,ECU,1987,17.6,58.0
413,Ecuador,ECU,1994,17.1,58.0
414,Ecuador,ECU,1998,15.7,58.0
415,Ecuador,ECU,1999,21.8,58.0
416,Ecuador,ECU,2000,28.2,58.0
417,Ecuador,ECU,2003,14.5,58.0
418,Ecuador,ECU,2004,15.0,58.0
419,Ecuador,ECU,2005,12.1,58.0
420,Ecuador,ECU,2006,8.1,58.0
421,Ecuador,ECU,2007,8.5,58.0
422,Ecuador,ECU,2008,7.5,58.0
423,Ecuador,ECU,2009,7.2,58.0
424,Ecuador,ECU,2010,5.6,58.0
425,Ecuador,ECU,2011,4.7,58.0
426,Ecuador,ECU,2012,4.5,58.0
427,Ecuador,ECU,2013,3.2,58.0
428,Ecuador,ECU,2014,2.6,58.0
429,Ecuador,ECU,2015,3.4,58.0
430,Ecuador,ECU,2016,3.6,58.0
431,Egypt,EGY,1990,7.4,59.0
432,Egypt,EGY,1995,4.6,59.0
433,Egypt,EGY,1999,2.0,59.0
434,Egypt,EGY,2004,4.4,59.0
435,Egypt,EGY,2008,3.9,59.0
436,Egypt,EGY,2010,3.0,59.0
437,Egypt,EGY,2012,2.3,59.0
438,Egypt,EGY,2015,1.3,59.0
439,El Salvador,SLV,1989,18.0,60.0
440,El Salvador,SLV,1991,20.7,60.0
441,El Salvador,SLV,1995,12.5,60.0
442,El Salvador,SLV,1996,14.1,60.0
443,El Salvador,SLV,1998,20.0,60.0
444,El Salvador,SLV,1999,16.3,60.0
445,El Salvador,SLV,2000,12.2,60.0
446,El Salvador,SLV,2001,13.5,60.0
447,El Salvador,SLV,2002,14.0,60.0
448,El Salvador,SLV,2003,14.8,60.0
449,El Salvador,SLV,2004,10.9,60.0
450,El Salvador,SLV,2005,10.4,60.0
451,El Salvador,SLV,2006,6.9,60.0
452,El Salvador,SLV,2007,4.5,60.0
453,El Salvador,SLV,2008,6.7,60.0
454,El Salvador,SLV,2009,6.4,60.0
455,El Salvador,SLV,2010,5.5,60.0
456,El Salvador,SLV,2011,4.5,60.0
457,El Salvador,SLV,2012,4.1,60.0
458,El Salvador,SLV,2013,3.2,60.0
459,El Salvador,SLV,2014,3.0,60.0
460,El Salvador,SLV,2015,1.9,60.0
461,El Salvador,SLV,2016,2.2,60.0
462,Estonia,EST,1993,1.3,63.0
463,Estonia,EST,2003,2.5,63.0
464,Estonia,EST,2004,1.0,63.0
465,Estonia,EST,2005,0.7,63.0
466,Estonia,EST,2006,0.7,63.0
467,Estonia,EST,2007,0.5,63.0
468,Estonia,EST,2008,0.5,63.0
469,Estonia,EST,2009,0.5,63.0
470,Estonia,EST,2010,0.7,63.0
471,Estonia,EST,2011,1.0,63.0
472,Estonia,EST,2012,0.7,63.0
473,Estonia,EST,2013,1.0,63.0
474,Estonia,EST,2014,0.7,63.0
475,Estonia,EST,2015,0.5,63.0
476,Eswatini,SWZ,1994,81.7,209.0
477,Eswatini,SWZ,2000,48.4,209.0
478,Eswatini,SWZ,2009,42.0,209.0
479,Ethiopia,ETH,1995,67.1,238.0
480,Ethiopia,ETH,1999,55.5,238.0
481,Ethiopia,ETH,2004,36.4,238.0
482,Ethiopia,ETH,2010,33.6,238.0
483,Ethiopia,ETH,2015,26.7,238.0
484,Europe & Central Asia,,1993,5.0,
485,Europe & Central Asia,,1996,7.2,
486,Europe & Central Asia,,1999,7.8,
487,Europe & Central Asia,,2002,5.9,
488,Europe & Central Asia,,2005,4.9,
489,Europe & Central Asia,,2008,2.8,
490,Europe & Central Asia,,2010,2.4,
491,Europe & Central Asia,,2011,2.1,
492,Europe & Central Asia,,2012,1.9,
493,Europe & Central Asia,,2013,1.6,
494,Europe & Central Asia,,2015,1.5,
495,Fiji,FJI,2002,4.9,66.0
496,Fiji,FJI,2008,3.5,66.0
497,Fiji,FJI,2013,1.4,66.0
498,Finland,FIN,2003,0.0,67.0
499,Finland,FIN,2004,0.0,67.0
500,Finland,FIN,2005,0.0,67.0
501,Finland,FIN,2006,0.0,67.0
502,Finland,FIN,2007,0.0,67.0
503,Finland,FIN,2008,0.0,67.0
504,Finland,FIN,2009,0.0,67.0
505,Finland,FIN,2010,0.0,67.0
506,Finland,FIN,2011,0.0,67.0
507,Finland,FIN,2012,0.0,67.0
508,Finland,FIN,2013,0.0,67.0
509,Finland,FIN,2014,0.0,67.0
510,Finland,FIN,2015,0.0,67.0
511,Fragile and conflict affected situations,,1981,54.2,
512,Fragile and conflict affected situations,,1984,55.5,
513,Fragile and conflict affected situations,,1987,53.9,
514,Fragile and conflict affected situations,,1990,54.1,
515,Fragile and conflict affected situations,,1993,58.2,
516,Fragile and conflict affected situations,,1996,55.5,
517,Fragile and conflict affected situations,,1999,52.4,
518,Fragile and conflict affected situations,,2002,49.2,
519,Fragile and conflict affected situations,,2005,44.7,
520,Fragile and conflict affected situations,,2008,40.0,
521,Fragile and conflict affected situations,,2010,37.1,
522,Fragile and conflict affected situations,,2011,36.7,
523,Fragile and conflict affected situations,,2012,35.3,
524,Fragile and conflict affected situations,,2013,34.4,
525,Fragile and conflict affected situations,,2015,35.2,
526,France,FRA,2003,0.0,68.0
527,France,FRA,2004,0.0,68.0
528,France,FRA,2005,0.0,68.0
529,France,FRA,2006,0.0,68.0
530,France,FRA,2007,0.0,68.0
531,France,FRA,2008,0.0,68.0
532,France,FRA,2009,0.0,68.0
533,France,FRA,2010,0.0,68.0
534,France,FRA,2011,0.0,68.0
535,France,FRA,2012,0.0,68.0
536,France,FRA,2013,0.0,68.0
537,France,FRA,2014,0.0,68.0
538,France,FRA,2015,0.0,68.0
539,Gabon,GAB,2005,8.0,74.0
540,Gabon,GAB,2017,3.4,74.0
541,Gambia,GMB,1998,70.5,75.0
542,Gambia,GMB,2003,45.3,75.0
543,Gambia,GMB,2010,25.1,75.0
544,Gambia,GMB,2015,10.1,75.0
545,Georgia,GEO,1996,6.0,73.0
546,Georgia,GEO,1997,17.6,73.0
547,Georgia,GEO,1998,15.7,73.0
548,Georgia,GEO,1999,19.9,73.0
549,Georgia,GEO,2000,21.0,73.0
550,Georgia,GEO,2001,20.9,73.0
551,Georgia,GEO,2002,11.5,73.0
552,Georgia,GEO,2003,11.6,73.0
553,Georgia,GEO,2004,11.3,73.0
554,Georgia,GEO,2005,12.1,73.0
555,Georgia,GEO,2006,11.6,73.0
556,Georgia,GEO,2007,13.3,73.0
557,Georgia,GEO,2008,12.4,73.0
558,Georgia,GEO,2009,10.4,73.0
559,Georgia,GEO,2010,13.3,73.0
560,Georgia,GEO,2011,11.6,73.0
561,Georgia,GEO,2012,9.0,73.0
562,Georgia,GEO,2013,6.9,73.0
563,Georgia,GEO,2014,5.3,73.0
564,Georgia,GEO,2015,4.0,73.0
565,Georgia,GEO,2016,4.2,73.0
566,Germany,DEU,1991,0.0,79.0
567,Germany,DEU,1994,0.2,79.0
568,Germany,DEU,2000,0.0,79.0
569,Germany,DEU,2001,0.0,79.0
570,Germany,DEU,2004,0.0,79.0
571,Germany,DEU,2006,0.0,79.0
572,Germany,DEU,2007,0.0,79.0
573,Germany,DEU,2010,0.0,79.0
574,Germany,DEU,2011,0.0,79.0
575,Germany,DEU,2013,0.0,79.0
576,Germany,DEU,2015,0.0,79.0
577,Ghana,GHA,1987,42.6,81.0
578,Ghana,GHA,1988,42.3,81.0
579,Ghana,GHA,1991,49.8,81.0
580,Ghana,GHA,1998,35.7,81.0
581,Ghana,GHA,2005,24.5,81.0
582,Ghana,GHA,2012,12.0,81.0
583,Greece,GRC,2003,0.5,84.0
584,Greece,GRC,2004,0.7,84.0
585,Greece,GRC,2005,0.2,84.0
586,Greece,GRC,2006,0.5,84.0
587,Greece,GRC,2007,0.5,84.0
588,Greece,GRC,2008,0.5,84.0
589,Greece,GRC,2009,0.5,84.0
590,Greece,GRC,2010,1.0,84.0
591,Greece,GRC,2011,1.2,84.0
592,Greece,GRC,2012,1.5,84.0
593,Greece,GRC,2013,1.0,84.0
594,Greece,GRC,2014,1.5,84.0
595,Greece,GRC,2015,1.5,84.0
596,Guatemala,GTM,1986,48.6,89.0
597,Guatemala,GTM,1989,36.1,89.0
598,Guatemala,GTM,1998,13.4,89.0
599,Guatemala,GTM,2000,9.2,89.0
600,Guatemala,GTM,2006,11.1,89.0
601,Guatemala,GTM,2014,8.7,89.0
602,Guinea,GIN,1991,91.6,90.0
603,Guinea,GIN,1994,49.3,90.0
604,Guinea,GIN,2002,62.2,90.0
605,Guinea,GIN,2007,59.7,90.0
606,Guinea,GIN,2012,35.3,90.0
607,Guinea-Bissau,GNB,1991,43.0,175.0
608,Guinea-Bissau,GNB,1993,64.0,175.0
609,Guinea-Bissau,GNB,2002,53.9,175.0
610,Guinea-Bissau,GNB,2010,67.1,175.0
611,Guyana,GUY,1992,33.9,91.0
612,Guyana,GUY,1998,14.0,91.0
613,Haiti,HTI,2012,23.5,93.0
614,High income,,1981,0.7,
615,High income,,1984,0.7,
616,High income,,1987,0.7,
617,High income,,1990,0.6,
618,High income,,1993,0.7,
619,High income,,1996,0.8,
620,High income,,1999,0.7,
621,High income,,2002,1.0,
622,High income,,2005,0.7,
623,High income,,2008,0.6,
624,High income,,2010,0.6,
625,High income,,2011,0.6,
626,High income,,2012,0.6,
627,High income,,2013,0.6,
628,High income,,2015,0.7,
629,Honduras,HND,1989,42.2,95.0
630,Honduras,HND,1990,44.3,95.0
631,Honduras,HND,1991,33.4,95.0
632,Honduras,HND,1992,28.7,95.0
633,Honduras,HND,1993,23.6,95.0
634,Honduras,HND,1994,26.7,95.0
635,Honduras,HND,1995,27.7,95.0
636,Honduras,HND,1996,30.4,95.0
637,Honduras,HND,1997,21.2,95.0
638,Honduras,HND,1998,25.9,95.0
639,Honduras,HND,1999,26.5,95.0
640,Honduras,HND,2001,20.6,95.0
641,Honduras,HND,2002,23.4,95.0
642,Honduras,HND,2003,28.1,95.0
643,Honduras,HND,2004,27.2,95.0
644,Honduras,HND,2005,26.5,95.0
645,Honduras,HND,2006,22.5,95.0
646,Honduras,HND,2007,17.2,95.0
647,Honduras,HND,2008,16.5,95.0
648,Honduras,HND,2009,13.8,95.0
649,Honduras,HND,2010,15.0,95.0
650,Honduras,HND,2011,17.1,95.0
651,Honduras,HND,2012,19.6,95.0
652,Honduras,HND,2013,17.3,95.0
653,Honduras,HND,2014,15.9,95.0
654,Honduras,HND,2015,16.2,95.0
655,Honduras,HND,2016,16.0,95.0
656,Hungary,HUN,1987,0.1,97.0
657,Hungary,HUN,1989,0.1,97.0
658,Hungary,HUN,1993,0.2,97.0
659,Hungary,HUN,2004,0.2,97.0
660,Hungary,HUN,2005,0.7,97.0
661,Hungary,HUN,2006,0.2,97.0
662,Hungary,HUN,2007,0.0,97.0
663,Hungary,HUN,2008,0.0,97.0
664,Hungary,HUN,2009,0.0,97.0
665,Hungary,HUN,2010,0.0,97.0
666,Hungary,HUN,2011,0.0,97.0
667,Hungary,HUN,2012,0.2,97.0
668,Hungary,HUN,2013,0.2,97.0
669,Hungary,HUN,2014,0.7,97.0
670,Hungary,HUN,2015,0.5,97.0
671,IDA total,,1981,51.9,
672,IDA total,,1984,52.6,
673,IDA total,,1987,53.3,
674,IDA total,,1990,53.6,
675,IDA total,,1993,54.1,
676,IDA total,,1996,50.4,
677,IDA total,,1999,50.3,
678,IDA total,,2002,49.0,
679,IDA total,,2005,41.6,
680,IDA total,,2008,37.6,
681,IDA total,,2010,35.4,
682,IDA total,,2011,34.2,
683,IDA total,,2012,32.8,
684,IDA total,,2013,31.8,
685,IDA total,,2015,30.8,
686,Iceland,ISL,2003,0.0,99.0
687,Iceland,ISL,2004,0.2,99.0
688,Iceland,ISL,2005,0.0,99.0
689,Iceland,ISL,2006,0.2,99.0
690,Iceland,ISL,2007,0.0,99.0
691,Iceland,ISL,2008,0.0,99.0
692,Iceland,ISL,2009,0.0,99.0
693,Iceland,ISL,2010,0.2,99.0
694,Iceland,ISL,2011,0.2,99.0
695,Iceland,ISL,2012,0.0,99.0
696,Iceland,ISL,2013,0.0,99.0
697,Iceland,ISL,2014,0.0,99.0
698,India,IND,1977,61.6,100.0
699,India,IND,1983,54.8,100.0
700,India,IND,1987,48.9,100.0
701,India,IND,1993,45.9,100.0
702,India,IND,2004,38.2,100.0
703,India,IND,2009,31.1,100.0
704,India,IND,2011,21.2,100.0
705,Indonesia,IDN,1984,71.4,101.0
706,Indonesia,IDN,1987,71.4,101.0
707,Indonesia,IDN,1990,58.8,101.0
708,Indonesia,IDN,1993,58.5,101.0
709,Indonesia,IDN,1996,47.4,101.0
710,Indonesia,IDN,1998,66.6,101.0
711,Indonesia,IDN,1999,41.7,101.0
712,Indonesia,IDN,2000,39.3,101.0
713,Indonesia,IDN,2001,35.5,101.0
714,Indonesia,IDN,2002,23.0,101.0
715,Indonesia,IDN,2003,22.6,101.0
716,Indonesia,IDN,2004,23.9,101.0
717,Indonesia,IDN,2005,21.1,101.0
718,Indonesia,IDN,2006,27.4,101.0
719,Indonesia,IDN,2007,22.5,101.0
720,Indonesia,IDN,2008,21.4,101.0
721,Indonesia,IDN,2009,18.2,101.0
722,Indonesia,IDN,2010,15.7,101.0
723,Indonesia,IDN,2011,13.3,101.0
724,Indonesia,IDN,2012,11.7,101.0
725,Indonesia,IDN,2013,9.4,101.0
726,Indonesia,IDN,2014,7.9,101.0
727,Indonesia,IDN,2015,7.2,101.0
728,Indonesia,IDN,2016,6.5,101.0
729,Indonesia,IDN,2017,5.7,101.0
730,Iran,IRN,1986,6.8,102.0
731,Iran,IRN,1990,5.6,102.0
732,Iran,IRN,1994,3.2,102.0
733,Iran,IRN,1998,2.6,102.0
734,Iran,IRN,2005,0.4,102.0
735,Iran,IRN,2006,0.4,102.0
736,Iran,IRN,2009,1.0,102.0
737,Iran,IRN,2013,0.1,102.0
738,Iran,IRN,2014,0.2,102.0
739,Iraq,IRQ,2006,2.1,103.0
740,Iraq,IRQ,2012,2.5,103.0
741,Ireland,IRL,2003,0.2,104.0
742,Ireland,IRL,2004,0.0,104.0
743,Ireland,IRL,2005,0.0,104.0
744,Ireland,IRL,2006,0.1,104.0
745,Ireland,IRL,2007,0.0,104.0
746,Ireland,IRL,2008,0.2,104.0
747,Ireland,IRL,2009,0.5,104.0
748,Ireland,IRL,2010,0.5,104.0
749,Ireland,IRL,2011,0.5,104.0
750,Ireland,IRL,2012,0.2,104.0
751,Ireland,IRL,2013,0.7,104.0
752,Ireland,IRL,2014,0.5,104.0
753,Ireland,IRL,2015,0.2,104.0
754,Israel,ISR,1979,0.0,105.0
755,Israel,ISR,1986,0.2,105.0
756,Israel,ISR,1992,0.2,105.0
757,Israel,ISR,1997,0.2,105.0
758,Israel,ISR,2001,0.2,105.0
759,Israel,ISR,2005,0.5,105.0
760,Israel,ISR,2007,0.5,105.0
761,Israel,ISR,2010,0.2,105.0
762,Israel,ISR,2012,0.5,105.0
763,Italy,ITA,2003,0.7,106.0
764,Italy,ITA,2004,0.7,106.0
765,Italy,ITA,2005,0.7,106.0
766,Italy,ITA,2006,0.7,106.0
767,Italy,ITA,2007,0.7,106.0
768,Italy,ITA,2008,0.7,106.0
769,Italy,ITA,2009,1.0,106.0
770,Italy,ITA,2010,1.2,106.0
771,Italy,ITA,2011,1.2,106.0
772,Italy,ITA,2012,1.2,106.0
773,Italy,ITA,2013,1.4,106.0
774,Italy,ITA,2014,1.2,106.0
775,Italy,ITA,2015,2.0,106.0
776,Jamaica,JAM,1988,6.1,109.0
777,Jamaica,JAM,1990,4.6,109.0
778,Jamaica,JAM,1993,9.8,109.0
779,Jamaica,JAM,1996,3.4,109.0
780,Jamaica,JAM,1999,2.6,109.0
781,Jamaica,JAM,2002,2.8,109.0
782,Jamaica,JAM,2004,1.7,109.0
783,Japan,JPN,2008,0.2,110.0
784,Jordan,JOR,1986,0.0,112.0
785,Jordan,JOR,1992,2.6,112.0
786,Jordan,JOR,1997,1.4,112.0
787,Jordan,JOR,2002,0.9,112.0
788,Jordan,JOR,2006,0.3,112.0
789,Jordan,JOR,2008,0.1,112.0
790,Jordan,JOR,2010,0.1,112.0
791,Kazakhstan,KAZ,1996,6.3,108.0
792,Kazakhstan,KAZ,2001,10.5,108.0
793,Kazakhstan,KAZ,2002,6.9,108.0
794,Kazakhstan,KAZ,2003,4.6,108.0
795,Kazakhstan,KAZ,2004,2.3,108.0
796,Kazakhstan,KAZ,2005,6.9,108.0
797,Kazakhstan,KAZ,2006,0.6,108.0
798,Kazakhstan,KAZ,2007,0.3,108.0
799,Kazakhstan,KAZ,2008,0.1,108.0
800,Kazakhstan,KAZ,2009,0.2,108.0
801,Kazakhstan,KAZ,2010,0.1,108.0
802,Kazakhstan,KAZ,2011,0.0,108.0
803,Kazakhstan,KAZ,2012,0.0,108.0
804,Kazakhstan,KAZ,2013,0.0,108.0
805,Kazakhstan,KAZ,2014,0.0,108.0
806,Kazakhstan,KAZ,2015,0.0,108.0
807,Kenya,KEN,1992,31.4,114.0
808,Kenya,KEN,1994,31.5,114.0
809,Kenya,KEN,1997,31.9,114.0
810,Kenya,KEN,2005,43.7,114.0
811,Kenya,KEN,2015,36.8,114.0
812,Kiribati,KIR,2006,12.9,83.0
813,Kosovo,OWID_KOS,2003,1.7,
814,Kosovo,OWID_KOS,2005,3.0,
815,Kosovo,OWID_KOS,2006,3.2,
816,Kosovo,OWID_KOS,2009,2.7,
817,Kosovo,OWID_KOS,2010,2.2,
818,Kosovo,OWID_KOS,2011,1.4,
819,Kosovo,OWID_KOS,2012,0.5,
820,Kosovo,OWID_KOS,2013,0.3,
821,Kosovo,OWID_KOS,2014,0.7,
822,Kosovo,OWID_KOS,2015,0.4,
823,Kosovo,OWID_KOS,2016,0.6,
824,Kyrgyzstan,KGZ,1998,30.6,113.0
825,Kyrgyzstan,KGZ,2000,42.2,113.0
826,Kyrgyzstan,KGZ,2001,36.4,113.0
827,Kyrgyzstan,KGZ,2002,34.2,113.0
828,Kyrgyzstan,KGZ,2003,28.1,113.0
829,Kyrgyzstan,KGZ,2004,13.6,113.0
830,Kyrgyzstan,KGZ,2005,15.4,113.0
831,Kyrgyzstan,KGZ,2006,9.9,113.0
832,Kyrgyzstan,KGZ,2007,9.9,113.0
833,Kyrgyzstan,KGZ,2008,4.0,113.0
834,Kyrgyzstan,KGZ,2009,2.1,113.0
835,Kyrgyzstan,KGZ,2010,4.1,113.0
836,Kyrgyzstan,KGZ,2011,1.8,113.0
837,Kyrgyzstan,KGZ,2012,2.9,113.0
838,Kyrgyzstan,KGZ,2013,3.3,113.0
839,Kyrgyzstan,KGZ,2014,1.3,113.0
840,Kyrgyzstan,KGZ,2015,2.5,113.0
841,Kyrgyzstan,KGZ,2016,1.4,113.0
842,Laos,LAO,1992,32.2,120.0
843,Laos,LAO,1997,52.4,120.0
844,Laos,LAO,2002,33.8,120.0
845,Laos,LAO,2007,27.0,120.0
846,Laos,LAO,2012,22.7,120.0
847,Latin America & Caribbean,,1981,13.0,
848,Latin America & Caribbean,,1984,15.9,
849,Latin America & Caribbean,,1987,12.8,
850,Latin America & Caribbean,,1990,14.2,
851,Latin America & Caribbean,,1993,13.2,
852,Latin America & Caribbean,,1996,13.8,
853,Latin America & Caribbean,,1999,13.6,
854,Latin America & Caribbean,,2002,11.8,
855,Latin America & Caribbean,,2005,9.9,
856,Latin America & Caribbean,,2008,6.9,
857,Latin America & Caribbean,,2010,6.0,
858,Latin America & Caribbean,,2011,5.6,
859,Latin America & Caribbean,,2012,4.7,
860,Latin America & Caribbean,,2013,4.6,
861,Latin America & Caribbean,,2015,4.1,
862,Latvia,LVA,1993,0.0,119.0
863,Latvia,LVA,1995,0.0,119.0
864,Latvia,LVA,1996,1.6,119.0
865,Latvia,LVA,2004,2.5,119.0
866,Latvia,LVA,2005,2.2,119.0
867,Latvia,LVA,2006,1.5,119.0
868,Latvia,LVA,2007,0.5,119.0
869,Latvia,LVA,2008,1.2,119.0
870,Latvia,LVA,2009,1.7,119.0
871,Latvia,LVA,2010,1.7,119.0
872,Latvia,LVA,2011,1.0,119.0
873,Latvia,LVA,2012,1.0,119.0
874,Latvia,LVA,2013,1.2,119.0
875,Latvia,LVA,2014,0.7,119.0
876,Latvia,LVA,2015,0.7,119.0
877,Lebanon,LBN,2011,0.0,121.0
878,Lesotho,LSO,1986,49.2,122.0
879,Lesotho,LSO,1994,50.1,122.0
880,Lesotho,LSO,2002,61.3,122.0
881,Lesotho,LSO,2010,59.6,122.0
882,Liberia,LBR,2007,68.6,123.0
883,Liberia,LBR,2014,38.6,123.0
884,Lithuania,LTU,1993,7.0,126.0
885,Lithuania,LTU,2004,2.7,126.0
886,Lithuania,LTU,2005,1.7,126.0
887,Lithuania,LTU,2006,1.5,126.0
888,Lithuania,LTU,2007,1.2,126.0
889,Lithuania,LTU,2008,1.5,126.0
890,Lithuania,LTU,2009,2.2,126.0
891,Lithuania,LTU,2010,1.5,126.0
892,Lithuania,LTU,2011,0.7,126.0
893,Lithuania,LTU,2012,1.0,126.0
894,Lithuania,LTU,2013,0.7,126.0
895,Lithuania,LTU,2014,1.2,126.0
896,Lithuania,LTU,2015,0.7,126.0
897,Low & middle income,,1981,54.1,
898,Low & middle income,,1984,49.4,
899,Low & middle income,,1987,44.3,
900,Low & middle income,,1990,44.5,
901,Low & middle income,,1993,41.8,
902,Low & middle income,,1996,35.9,
903,Low & middle income,,1999,34.8,
904,Low & middle income,,2002,31.0,
905,Low & middle income,,2005,25.0,
906,Low & middle income,,2008,21.8,
907,Low & middle income,,2010,18.9,
908,Low & middle income,,2011,16.4,
909,Low & middle income,,2012,15.3,
910,Low & middle income,,2013,13.3,
911,Low & middle income,,2015,11.9,
912,Low income,,1981,59.4,
913,Low income,,1984,59.6,
914,Low income,,1987,58.6,
915,Low income,,1990,60.6,
916,Low income,,1993,65.0,
917,Low income,,1996,63.8,
918,Low income,,1999,62.1,
919,Low income,,2002,59.3,
920,Low income,,2005,54.0,
921,Low income,,2008,50.4,
922,Low income,,2010,47.9,
923,Low income,,2011,46.6,
924,Low income,,2012,44.8,
925,Low income,,2013,43.7,
926,Low income,,2015,43.9,
927,Lower middle income,,1981,51.7,
928,Lower middle income,,1984,49.6,
929,Lower middle income,,1987,48.3,
930,Lower middle income,,1990,44.8,
931,Lower middle income,,1993,43.5,
932,Lower middle income,,1996,39.3,
933,Lower middle income,,1999,37.9,
934,Lower middle income,,2002,35.5,
935,Lower middle income,,2005,30.8,
936,Lower middle income,,2008,27.1,
937,Lower middle income,,2010,23.1,
938,Lower middle income,,2011,19.8,
939,Lower middle income,,2012,18.4,
940,Lower middle income,,2013,16.7,
941,Lower middle income,,2015,13.9,
942,Luxembourg,LUX,2003,0.0,256.0
943,Luxembourg,LUX,2004,0.0,256.0
944,Luxembourg,LUX,2005,0.0,256.0
945,Luxembourg,LUX,2006,0.0,256.0
946,Luxembourg,LUX,2007,0.0,256.0
947,Luxembourg,LUX,2008,0.0,256.0
948,Luxembourg,LUX,2009,0.0,256.0
949,Luxembourg,LUX,2010,0.0,256.0
950,Luxembourg,LUX,2011,0.0,256.0
951,Luxembourg,LUX,2012,0.0,256.0
952,Luxembourg,LUX,2013,0.1,256.0
953,Luxembourg,LUX,2014,0.2,256.0
954,Luxembourg,LUX,2015,0.2,256.0
955,Madagascar,MDG,1980,44.9,129.0
956,Madagascar,MDG,1993,68.9,129.0
957,Madagascar,MDG,1997,65.4,129.0
958,Madagascar,MDG,1999,63.9,129.0
959,Madagascar,MDG,2001,68.7,129.0
960,Madagascar,MDG,2005,72.0,129.0
961,Madagascar,MDG,2010,78.5,129.0
962,Madagascar,MDG,2012,77.6,129.0
963,Malawi,MWI,1997,62.8,130.0
964,Malawi,MWI,2004,72.8,130.0
965,Malawi,MWI,2010,71.4,130.0
966,Malaysia,MYS,1984,2.9,131.0
967,Malaysia,MYS,1987,2.1,131.0
968,Malaysia,MYS,1989,1.6,131.0
969,Malaysia,MYS,1992,1.3,131.0
970,Malaysia,MYS,1995,1.8,131.0
971,Malaysia,MYS,1997,0.4,131.0
972,Malaysia,MYS,2004,0.4,131.0
973,Malaysia,MYS,2007,0.5,131.0
974,Malaysia,MYS,2008,0.5,131.0
975,Malaysia,MYS,2011,0.1,131.0
976,Malaysia,MYS,2013,0.0,131.0
977,Malaysia,MYS,2015,0.0,131.0
978,Maldives,MDV,2002,10.0,132.0
979,Maldives,MDV,2009,7.3,132.0
980,Mali,MLI,1994,85.1,133.0
981,Mali,MLI,2001,58.5,133.0
982,Mali,MLI,2006,51.3,133.0
983,Mali,MLI,2009,49.7,133.0
984,Malta,MLT,2006,0.5,134.0
985,Malta,MLT,2007,0.5,134.0
986,Malta,MLT,2008,0.2,134.0
987,Malta,MLT,2009,0.5,134.0
988,Malta,MLT,2010,0.2,134.0
989,Malta,MLT,2011,0.2,134.0
990,Malta,MLT,2012,0.2,134.0
991,Malta,MLT,2013,0.0,134.0
992,Malta,MLT,2014,0.0,134.0
993,Malta,MLT,2015,0.0,134.0
994,Mauritania,MRT,1987,40.1,136.0
995,Mauritania,MRT,1993,41.2,136.0
996,Mauritania,MRT,1995,20.6,136.0
997,Mauritania,MRT,2000,19.6,136.0
998,Mauritania,MRT,2004,14.4,136.0
999,Mauritania,MRT,2008,10.8,136.0
1000,Mauritania,MRT,2014,6.0,136.0
1001,Mauritius,MUS,2006,0.4,137.0
1002,Mauritius,MUS,2012,0.5,137.0
1003,Mexico,MEX,1984,8.1,138.0
1004,Mexico,MEX,1992,7.7,138.0
1005,Mexico,MEX,1994,6.6,138.0
1006,Mexico,MEX,1996,11.2,138.0
1007,Mexico,MEX,1998,11.2,138.0
1008,Mexico,MEX,2000,8.9,138.0
1009,Mexico,MEX,2002,6.6,138.0
1010,Mexico,MEX,2004,5.2,138.0
1011,Mexico,MEX,2005,6.2,138.0
1012,Mexico,MEX,2006,3.4,138.0
1013,Mexico,MEX,2008,4.1,138.0
1014,Mexico,MEX,2010,4.2,138.0
1015,Mexico,MEX,2012,3.4,138.0
1016,Mexico,MEX,2014,4.1,138.0
1017,Mexico,MEX,2016,2.5,138.0
1018,Micronesia (country),FSM,2005,8.5,
1019,Micronesia (country),FSM,2013,16.0,
1020,Middle East & North Africa,,1984,9.7,
1021,Middle East & North Africa,,1987,9.0,
1022,Middle East & North Africa,,1990,6.2,
1023,Middle East & North Africa,,1993,6.7,
1024,Middle East & North Africa,,1996,5.8,
1025,Middle East & North Africa,,1999,3.8,
1026,Middle East & North Africa,,2002,3.2,
1027,Middle East & North Africa,,2005,3.0,
1028,Middle East & North Africa,,2008,2.7,
1029,Middle East & North Africa,,2010,2.3,
1030,Middle East & North Africa,,2011,2.7,
1031,Middle East & North Africa,,2012,2.7,
1032,Middle East & North Africa,,2013,2.6,
1033,Middle East & North Africa,,2015,5.0,
1034,Moldova,MDA,1997,16.1,146.0
1035,Moldova,MDA,1998,27.6,146.0
1036,Moldova,MDA,1999,39.1,146.0
1037,Moldova,MDA,2000,35.9,146.0
1038,Moldova,MDA,2001,27.6,146.0
1039,Moldova,MDA,2002,16.6,146.0
1040,Moldova,MDA,2003,7.6,146.0
1041,Moldova,MDA,2004,8.7,146.0
1042,Moldova,MDA,2005,14.0,146.0
1043,Moldova,MDA,2006,2.4,146.0
1044,Moldova,MDA,2007,1.1,146.0
1045,Moldova,MDA,2008,1.3,146.0
1046,Moldova,MDA,2009,1.0,146.0
1047,Moldova,MDA,2010,0.5,146.0
1048,Moldova,MDA,2011,0.3,146.0
1049,Moldova,MDA,2012,0.3,146.0
1050,Moldova,MDA,2013,0.1,146.0
1051,Moldova,MDA,2014,0.0,146.0
1052,Moldova,MDA,2015,0.0,146.0
1053,Moldova,MDA,2016,0.2,146.0
1054,Mongolia,MNG,1995,13.9,141.0
1055,Mongolia,MNG,1998,26.9,141.0
1056,Mongolia,MNG,2002,10.6,141.0
1057,Mongolia,MNG,2007,1.3,141.0
1058,Mongolia,MNG,2010,0.8,141.0
1059,Mongolia,MNG,2011,0.6,141.0
1060,Mongolia,MNG,2012,0.4,141.0
1061,Mongolia,MNG,2014,0.2,141.0
1062,Mongolia,MNG,2016,0.5,141.0
1063,Montenegro,MNE,2005,0.2,273.0
1064,Montenegro,MNE,2006,0.1,273.0
1065,Montenegro,MNE,2007,0.4,273.0
1066,Montenegro,MNE,2008,0.2,273.0
1067,Montenegro,MNE,2009,0.0,273.0
1068,Montenegro,MNE,2010,0.0,273.0
1069,Montenegro,MNE,2011,0.2,273.0
1070,Montenegro,MNE,2012,1.3,273.0
1071,Montenegro,MNE,2013,1.0,273.0
1072,Montenegro,MNE,2014,0.0,273.0
1073,Morocco,MAR,1984,11.1,143.0
1074,Morocco,MAR,1990,2.9,143.0
1075,Morocco,MAR,1998,7.5,143.0
1076,Morocco,MAR,2000,6.3,143.0
1077,Morocco,MAR,2006,3.1,143.0
1078,Morocco,MAR,2013,1.0,143.0
1079,Mozambique,MOZ,1996,81.6,144.0
1080,Mozambique,MOZ,2002,79.3,144.0
1081,Mozambique,MOZ,2008,68.7,144.0
1082,Mozambique,MOZ,2014,62.9,144.0
1083,Myanmar,MMR,2015,6.4,28.0
1084,Namibia,NAM,2003,31.5,147.0
1085,Namibia,NAM,2009,22.6,147.0
1086,Namibia,NAM,2015,13.4,147.0
1087,Nepal,NPL,1995,61.9,149.0
1088,Nepal,NPL,2003,46.1,149.0
1089,Nepal,NPL,2010,15.0,149.0
1090,Netherlands,NLD,2004,0.2,150.0
1091,Netherlands,NLD,2005,0.0,150.0
1092,Netherlands,NLD,2006,0.0,150.0
1093,Netherlands,NLD,2007,0.0,150.0
1094,Netherlands,NLD,2008,0.0,150.0
1095,Netherlands,NLD,2009,0.2,150.0
1096,Netherlands,NLD,2010,0.0,150.0
1097,Netherlands,NLD,2011,0.0,150.0
1098,Netherlands,NLD,2012,0.0,150.0
1099,Netherlands,NLD,2013,0.0,150.0
1100,Netherlands,NLD,2014,0.0,150.0
1101,Netherlands,NLD,2015,0.0,150.0
1102,Nicaragua,NIC,1993,36.3,157.0
1103,Nicaragua,NIC,1998,24.2,157.0
1104,Nicaragua,NIC,2001,16.5,157.0
1105,Nicaragua,NIC,2005,8.3,157.0
1106,Nicaragua,NIC,2009,7.3,157.0
1107,Nicaragua,NIC,2014,3.2,157.0
1108,Niger,NER,1992,78.2,158.0
1109,Niger,NER,1994,81.4,158.0
1110,Niger,NER,2005,74.9,158.0
1111,Niger,NER,2007,72.0,158.0
1112,Niger,NER,2011,50.3,158.0
1113,Niger,NER,2014,44.5,158.0
1114,Nigeria,NGA,1985,53.3,159.0
1115,Nigeria,NGA,1992,57.1,159.0
1116,Nigeria,NGA,1996,63.5,159.0
1117,Nigeria,NGA,2003,53.5,159.0
1118,Nigeria,NGA,2009,53.5,159.0
1119,North Macedonia,MKD,2009,9.7,154.0
1120,North Macedonia,MKD,2010,10.0,154.0
1121,North Macedonia,MKD,2011,10.1,154.0
1122,North Macedonia,MKD,2012,7.0,154.0
1123,North Macedonia,MKD,2013,6.0,154.0
1124,North Macedonia,MKD,2014,5.0,154.0
1125,Norway,NOR,2003,0.2,162.0
1126,Norway,NOR,2004,0.2,162.0
1127,Norway,NOR,2005,0.2,162.0
1128,Norway,NOR,2006,0.2,162.0
1129,Norway,NOR,2007,0.2,162.0
1130,Norway,NOR,2008,0.2,162.0
1131,Norway,NOR,2009,0.0,162.0
1132,Norway,NOR,2010,0.0,162.0
1133,Norway,NOR,2011,0.0,162.0
1134,Norway,NOR,2012,0.0,162.0
1135,Norway,NOR,2013,0.0,162.0
1136,Norway,NOR,2014,0.0,162.0
1137,Norway,NOR,2015,0.2,162.0
1138,Pakistan,PAK,1987,62.2,165.0
1139,Pakistan,PAK,1990,58.9,165.0
1140,Pakistan,PAK,1996,15.9,165.0
1141,Pakistan,PAK,1998,23.4,165.0
1142,Pakistan,PAK,2001,28.6,165.0
1143,Pakistan,PAK,2004,18.0,165.0
1144,Pakistan,PAK,2005,16.5,165.0
1145,Pakistan,PAK,2007,13.2,165.0
1146,Pakistan,PAK,2010,8.3,165.0
1147,Pakistan,PAK,2011,7.9,165.0
1148,Pakistan,PAK,2013,6.1,165.0
1149,Pakistan,PAK,2015,4.0,165.0
1150,Palestine,PSE,2004,1.1,
1151,Palestine,PSE,2005,0.9,
1152,Palestine,PSE,2006,0.3,
1153,Palestine,PSE,2007,1.5,
1154,Palestine,PSE,2009,0.3,
1155,Palestine,PSE,2010,0.2,
1156,Palestine,PSE,2011,0.2,
1157,Palestine,PSE,2016,1.0,
1158,Panama,PAN,1979,8.1,166.0
1159,Panama,PAN,1989,23.9,166.0
1160,Panama,PAN,1991,21.9,166.0
1161,Panama,PAN,1995,16.3,166.0
1162,Panama,PAN,1997,15.0,166.0
1163,Panama,PAN,1998,15.2,166.0
1164,Panama,PAN,1999,13.4,166.0
1165,Panama,PAN,2000,12.4,166.0
1166,Panama,PAN,2001,15.5,166.0
1167,Panama,PAN,2002,11.2,166.0
1168,Panama,PAN,2003,11.2,166.0
1169,Panama,PAN,2004,10.2,166.0
1170,Panama,PAN,2005,10.0,166.0
1171,Panama,PAN,2006,10.5,166.0
1172,Panama,PAN,2007,7.8,166.0
1173,Panama,PAN,2008,7.0,166.0
1174,Panama,PAN,2009,3.2,166.0
1175,Panama,PAN,2010,4.5,166.0
1176,Panama,PAN,2011,3.0,166.0
1177,Panama,PAN,2012,4.2,166.0
1178,Panama,PAN,2013,2.8,166.0
1179,Panama,PAN,2014,3.5,166.0
1180,Panama,PAN,2015,2.0,166.0
1181,Panama,PAN,2016,2.2,166.0
1182,Papua New Guinea,PNG,1996,53.2,
1183,Papua New Guinea,PNG,2009,38.0,
1184,Paraguay,PRY,1990,1.2,169.0
1185,Paraguay,PRY,1995,12.4,169.0
1186,Paraguay,PRY,1997,10.6,169.0
1187,Paraguay,PRY,1999,10.2,169.0
1188,Paraguay,PRY,2001,8.9,169.0
1189,Paraguay,PRY,2002,13.2,169.0
1190,Paraguay,PRY,2003,8.3,169.0
1191,Paraguay,PRY,2004,5.7,169.0
1192,Paraguay,PRY,2005,6.1,169.0
1193,Paraguay,PRY,2006,7.9,169.0
1194,Paraguay,PRY,2007,7.8,169.0
1195,Paraguay,PRY,2008,4.3,169.0
1196,Paraguay,PRY,2009,5.8,169.0
1197,Paraguay,PRY,2010,5.5,169.0
1198,Paraguay,PRY,2011,5.0,169.0
1199,Paraguay,PRY,2012,3.3,169.0
1200,Paraguay,PRY,2013,1.8,169.0
1201,Paraguay,PRY,2014,2.4,169.0
1202,Paraguay,PRY,2015,1.9,169.0
1203,Paraguay,PRY,2016,1.7,169.0
1204,Peru,PER,1997,17.9,170.0
1205,Peru,PER,1998,16.7,170.0
1206,Peru,PER,1999,17.6,170.0
1207,Peru,PER,2000,16.4,170.0
1208,Peru,PER,2001,17.1,170.0
1209,Peru,PER,2002,15.1,170.0
1210,Peru,PER,2003,11.9,170.0
1211,Peru,PER,2004,13.6,170.0
1212,Peru,PER,2005,15.5,170.0
1213,Peru,PER,2006,13.5,170.0
1214,Peru,PER,2007,11.1,170.0
1215,Peru,PER,2008,8.9,170.0
1216,Peru,PER,2009,7.0,170.0
1217,Peru,PER,2010,5.5,170.0
1218,Peru,PER,2011,5.2,170.0
1219,Peru,PER,2012,4.7,170.0
1220,Peru,PER,2013,4.3,170.0
1221,Peru,PER,2014,3.7,170.0
1222,Peru,PER,2015,3.6,170.0
1223,Peru,PER,2016,3.5,170.0
1224,Portugal,PRT,2003,1.0,174.0
1225,Portugal,PRT,2004,0.5,174.0
1226,Portugal,PRT,2005,0.5,174.0
1227,Portugal,PRT,2006,0.0,174.0
1228,Portugal,PRT,2007,0.2,174.0
1229,Portugal,PRT,2008,0.2,174.0
1230,Portugal,PRT,2009,0.2,174.0
1231,Portugal,PRT,2010,0.2,174.0
1232,Portugal,PRT,2011,0.5,174.0
1233,Portugal,PRT,2012,0.7,174.0
1234,Portugal,PRT,2013,0.7,174.0
1235,Portugal,PRT,2014,0.5,174.0
1236,Portugal,PRT,2015,0.5,174.0
1237,Romania,ROU,1989,0.3,183.0
1238,Romania,ROU,1992,0.6,183.0
1239,Romania,ROU,1994,10.7,183.0
1240,Romania,ROU,2006,8.0,183.0
1241,Romania,ROU,2007,5.7,183.0
1242,Romania,ROU,2008,4.5,183.0
1243,Romania,ROU,2009,3.5,183.0
1244,Romania,ROU,2010,4.5,183.0
1245,Romania,ROU,2011,5.7,183.0
1246,Romania,ROU,2012,6.7,183.0
1247,Romania,ROU,2013,7.2,183.0
1248,Romania,ROU,2014,7.5,183.0
1249,Romania,ROU,2015,5.7,183.0
1250,Russia,RUS,1993,2.4,185.0
1251,Russia,RUS,1996,3.6,185.0
1252,Russia,RUS,1997,1.1,185.0
1253,Russia,RUS,1998,1.7,185.0
1254,Russia,RUS,1999,3.4,185.0
1255,Russia,RUS,2000,2.2,185.0
1256,Russia,RUS,2001,1.3,185.0
1257,Russia,RUS,2002,0.7,185.0
1258,Russia,RUS,2003,0.8,185.0
1259,Russia,RUS,2004,0.7,185.0
1260,Russia,RUS,2005,0.5,185.0
1261,Russia,RUS,2006,0.3,185.0
1262,Russia,RUS,2007,0.1,185.0
1263,Russia,RUS,2008,0.1,185.0
1264,Russia,RUS,2009,0.0,185.0
1265,Russia,RUS,2010,0.1,185.0
1266,Russia,RUS,2011,0.0,185.0
1267,Russia,RUS,2012,0.0,185.0
1268,Russia,RUS,2013,0.0,185.0
1269,Russia,RUS,2014,0.0,185.0
1270,Russia,RUS,2015,0.0,185.0
1271,Rwanda,RWA,1984,60.8,184.0
1272,Rwanda,RWA,2000,76.5,184.0
1273,Rwanda,RWA,2005,67.2,184.0
1274,Rwanda,RWA,2010,62.4,184.0
1275,Rwanda,RWA,2013,56.0,184.0
1276,Saint Lucia,LCA,1995,35.8,189.0
1277,Samoa,WSM,2008,0.6,244.0
1278,Sao Tome and Principe,STP,2000,29.8,193.0
1279,Sao Tome and Principe,STP,2010,32.3,193.0
1280,Senegal,SEN,1991,68.4,195.0
1281,Senegal,SEN,1994,57.5,195.0
1282,Senegal,SEN,2001,49.2,195.0
1283,Senegal,SEN,2005,38.4,195.0
1284,Senegal,SEN,2011,38.0,195.0
1285,Seychelles,SYC,2013,1.1,
1286,Sierra Leone,SLE,1989,67.1,197.0
1287,Sierra Leone,SLE,2003,61.3,197.0
1288,Sierra Leone,SLE,2011,52.2,197.0
1289,Slovakia,SVK,1996,0.5,199.0
1290,Slovakia,SVK,2004,0.0,199.0
1291,Slovakia,SVK,2005,0.2,199.0
1292,Slovakia,SVK,2006,0.2,199.0
1293,Slovakia,SVK,2007,0.2,199.0
1294,Slovakia,SVK,2008,0.5,199.0
1295,Slovakia,SVK,2009,0.4,199.0
1296,Slovakia,SVK,2010,0.5,199.0
1297,Slovakia,SVK,2011,0.5,199.0
1298,Slovakia,SVK,2012,0.2,199.0
1299,Slovakia,SVK,2013,0.2,199.0
1300,Slovakia,SVK,2014,0.7,199.0
1301,Slovakia,SVK,2015,0.7,199.0
1302,Slovenia,SVN,1993,0.0,198.0
1303,Slovenia,SVN,2004,0.0,198.0
1304,Slovenia,SVN,2005,0.0,198.0
1305,Slovenia,SVN,2006,0.0,198.0
1306,Slovenia,SVN,2007,0.0,198.0
1307,Slovenia,SVN,2008,0.0,198.0
1308,Slovenia,SVN,2009,0.0,198.0
1309,Slovenia,SVN,2010,0.0,198.0
1310,Slovenia,SVN,2011,0.0,198.0
1311,Slovenia,SVN,2012,0.0,198.0
1312,Slovenia,SVN,2013,0.0,198.0
1313,Slovenia,SVN,2014,0.0,198.0
1314,Slovenia,SVN,2015,0.0,198.0
1315,Solomon Islands,SLB,2005,45.6,25.0
1316,Solomon Islands,SLB,2013,25.1,25.0
1317,South Africa,ZAF,1993,29.3,202.0
1318,South Africa,ZAF,1996,33.8,202.0
1319,South Africa,ZAF,2000,32.6,202.0
1320,South Africa,ZAF,2005,25.0,202.0
1321,South Africa,ZAF,2008,16.9,202.0
1322,South Africa,ZAF,2010,16.5,202.0
1323,South Africa,ZAF,2014,18.9,202.0
1324,South Asia,,1981,55.6,
1325,South Asia,,1984,52.8,
1326,South Asia,,1987,50.1,
1327,South Asia,,1990,47.3,
1328,South Asia,,1993,44.9,
1329,South Asia,,1996,40.3,
1330,South Asia,,2002,38.6,
1331,South Asia,,2005,33.7,
1332,South Asia,,2008,29.5,
1333,South Asia,,2010,24.6,
1334,South Asia,,2011,19.8,
1335,South Asia,,2012,18.2,
1336,South Asia,,2013,16.2,
1337,South Korea,KOR,2006,0.2,117.0
1338,South Korea,KOR,2008,0.2,117.0
1339,South Korea,KOR,2010,0.5,117.0
1340,South Korea,KOR,2012,0.2,117.0
1341,South Sudan,SSD,2009,42.7,
1342,Spain,ESP,2003,0.7,203.0
1343,Spain,ESP,2004,0.7,203.0
1344,Spain,ESP,2005,0.7,203.0
1345,Spain,ESP,2006,0.7,203.0
1346,Spain,ESP,2007,0.4,203.0
1347,Spain,ESP,2008,0.5,203.0
1348,Spain,ESP,2009,0.7,203.0
1349,Spain,ESP,2010,0.7,203.0
1350,Spain,ESP,2011,1.2,203.0
1351,Spain,ESP,2012,1.0,203.0
1352,Spain,ESP,2013,1.2,203.0
1353,Spain,ESP,2014,0.7,203.0
1354,Spain,ESP,2015,1.0,203.0
1355,Sri Lanka,LKA,1985,13.3,38.0
1356,Sri Lanka,LKA,1990,8.7,38.0
1357,Sri Lanka,LKA,1995,8.8,38.0
1358,Sri Lanka,LKA,2002,8.3,38.0
1359,Sri Lanka,LKA,2006,3.8,38.0
1360,Sri Lanka,LKA,2009,2.4,38.0
1361,Sri Lanka,LKA,2012,1.9,38.0
1362,Sri Lanka,LKA,2016,0.7,38.0
1363,Sub-Saharan Africa,,1990,54.3,
1364,Sub-Saharan Africa,,1993,58.9,
1365,Sub-Saharan Africa,,1996,58.2,
1366,Sub-Saharan Africa,,1999,57.7,
1367,Sub-Saharan Africa,,2002,56.4,
1368,Sub-Saharan Africa,,2005,50.7,
1369,Sub-Saharan Africa,,2008,47.8,
1370,Sub-Saharan Africa,,2010,46.6,
1371,Sub-Saharan Africa,,2011,45.1,
1372,Sub-Saharan Africa,,2012,43.8,
1373,Sub-Saharan Africa,,2013,42.5,
1374,Sub-Saharan Africa,,2015,41.1,
1375,Sudan,SDN,2009,14.9,276.0
1376,Suriname,SUR,1999,23.4,207.0
1377,Sweden,SWE,2003,0.2,210.0
1378,Sweden,SWE,2004,0.5,210.0
1379,Sweden,SWE,2005,0.9,210.0
1380,Sweden,SWE,2006,0.2,210.0
1381,Sweden,SWE,2007,0.5,210.0
1382,Sweden,SWE,2008,0.5,210.0
1383,Sweden,SWE,2009,0.5,210.0
1384,Sweden,SWE,2010,0.5,210.0
1385,Sweden,SWE,2011,0.5,210.0
1386,Sweden,SWE,2012,0.5,210.0
1387,Sweden,SWE,2013,0.7,210.0
1388,Sweden,SWE,2014,0.5,210.0
1389,Sweden,SWE,2015,0.5,210.0
1390,Switzerland,CHE,2006,0.0,211.0
1391,Switzerland,CHE,2007,0.0,211.0
1392,Switzerland,CHE,2008,0.0,211.0
1393,Switzerland,CHE,2009,0.0,211.0
1394,Switzerland,CHE,2010,0.0,211.0
1395,Switzerland,CHE,2011,0.0,211.0
1396,Switzerland,CHE,2012,0.0,211.0
1397,Switzerland,CHE,2013,0.0,211.0
1398,Switzerland,CHE,2014,0.0,211.0
1399,Switzerland,CHE,2015,0.0,211.0
1400,Syrian Arab Republic,,2004,1.7,
1401,Tajikistan,TJK,1999,54.4,208.0
1402,Tajikistan,TJK,2003,30.8,208.0
1403,Tajikistan,TJK,2004,15.4,208.0
1404,Tajikistan,TJK,2007,10.4,208.0
1405,Tajikistan,TJK,2009,4.7,208.0
1406,Tajikistan,TJK,2015,4.8,208.0
1407,Tanzania,TZA,1991,72.1,215.0
1408,Tanzania,TZA,2000,86.0,215.0
1409,Tanzania,TZA,2007,59.9,215.0
1410,Tanzania,TZA,2011,49.1,215.0
1411,Thailand,THA,1981,19.6,216.0
1412,Thailand,THA,1988,14.3,216.0
1413,Thailand,THA,1990,9.4,216.0
1414,Thailand,THA,1992,6.6,216.0
1415,Thailand,THA,1994,3.2,216.0
1416,Thailand,THA,1996,2.2,216.0
1417,Thailand,THA,1998,1.5,216.0
1418,Thailand,THA,1999,2.5,216.0
1419,Thailand,THA,2000,2.5,216.0
1420,Thailand,THA,2002,1.1,216.0
1421,Thailand,THA,2004,0.8,216.0
1422,Thailand,THA,2006,0.7,216.0
1423,Thailand,THA,2007,0.3,216.0
1424,Thailand,THA,2008,0.1,216.0
1425,Thailand,THA,2009,0.2,216.0
1426,Thailand,THA,2010,0.1,216.0
1427,Thailand,THA,2011,0.0,216.0
1428,Thailand,THA,2012,0.1,216.0
1429,Thailand,THA,2013,0.0,216.0
1430,Thailand,THA,2014,0.0,216.0
1431,Thailand,THA,2015,0.0,216.0
1432,Timor,TLS,2001,46.0,176.0
1433,Timor,TLS,2007,47.0,176.0
1434,Timor,TLS,2014,30.3,176.0
1435,Togo,TGO,2006,55.6,217.0
1436,Togo,TGO,2011,54.2,217.0
1437,Togo,TGO,2015,49.2,217.0
1438,Tonga,TON,2001,2.8,
1439,Tonga,TON,2009,1.1,
1440,Trinidad and Tobago,TTO,1988,0.7,220.0
1441,Trinidad and Tobago,TTO,1992,3.4,220.0
1442,Tunisia,TUN,1985,13.9,222.0
1443,Tunisia,TUN,1990,9.8,222.0
1444,Tunisia,TUN,1995,10.9,222.0
1445,Tunisia,TUN,2000,5.3,222.0
1446,Tunisia,TUN,2005,3.1,222.0
1447,Tunisia,TUN,2010,2.0,222.0
1448,Turkey,TUR,1987,1.7,223.0
1449,Turkey,TUR,1994,2.6,223.0
1450,Turkey,TUR,2002,1.7,223.0
1451,Turkey,TUR,2003,3.7,223.0
1452,Turkey,TUR,2004,2.1,223.0
1453,Turkey,TUR,2005,2.6,223.0
1454,Turkey,TUR,2006,1.9,223.0
1455,Turkey,TUR,2007,1.4,223.0
1456,Turkey,TUR,2008,0.6,223.0
1457,Turkey,TUR,2009,0.9,223.0
1458,Turkey,TUR,2010,0.8,223.0
1459,Turkey,TUR,2011,0.3,223.0
1460,Turkey,TUR,2012,0.3,223.0
1461,Turkey,TUR,2013,0.3,223.0
1462,Turkey,TUR,2014,0.3,223.0
1463,Turkey,TUR,2015,0.3,223.0
1464,Turkey,TUR,2016,0.2,223.0
1465,Turkmenistan,TKM,1998,51.4,213.0
1466,Tuvalu,TUV,2010,3.3,
1467,Uganda,UGA,1989,56.8,226.0
1468,Uganda,UGA,1992,62.9,226.0
1469,Uganda,UGA,1996,61.3,226.0
1470,Uganda,UGA,1999,66.0,226.0
1471,Uganda,UGA,2002,64.1,226.0
1472,Uganda,UGA,2005,55.4,226.0
1473,Uganda,UGA,2009,43.5,226.0
1474,Uganda,UGA,2012,35.9,226.0
1475,Uganda,UGA,2016,41.6,226.0
1476,Ukraine,UKR,1992,3.0,230.0
1477,Ukraine,UKR,1993,1.3,230.0
1478,Ukraine,UKR,1995,5.4,230.0
1479,Ukraine,UKR,1996,5.4,230.0
1480,Ukraine,UKR,2002,1.7,230.0
1481,Ukraine,UKR,2003,0.6,230.0
1482,Ukraine,UKR,2004,0.6,230.0
1483,Ukraine,UKR,2005,0.3,230.0
1484,Ukraine,UKR,2006,0.1,230.0
1485,Ukraine,UKR,2007,0.1,230.0
1486,Ukraine,UKR,2008,0.0,230.0
1487,Ukraine,UKR,2009,0.1,230.0
1488,Ukraine,UKR,2010,0.0,230.0
1489,Ukraine,UKR,2011,0.0,230.0
1490,Ukraine,UKR,2012,0.0,230.0
1491,Ukraine,UKR,2013,0.0,230.0
1492,Ukraine,UKR,2014,0.0,230.0
1493,Ukraine,UKR,2015,0.1,230.0
1494,Ukraine,UKR,2016,0.1,230.0
1495,United Kingdom,GBR,2004,0.5,229.0
1496,United Kingdom,GBR,2005,0.5,229.0
1497,United Kingdom,GBR,2006,0.2,229.0
1498,United Kingdom,GBR,2007,0.2,229.0
1499,United Kingdom,GBR,2008,0.2,229.0
1500,United Kingdom,GBR,2009,0.2,229.0
1501,United Kingdom,GBR,2010,0.2,229.0
1502,United Kingdom,GBR,2011,0.2,229.0
1503,United Kingdom,GBR,2012,0.2,229.0
1504,United Kingdom,GBR,2013,0.2,229.0
1505,United Kingdom,GBR,2014,0.2,229.0
1506,United Kingdom,GBR,2015,0.2,229.0
1507,United States,USA,1979,0.5,231.0
1508,United States,USA,1986,0.5,231.0
1509,United States,USA,1991,0.5,231.0
1510,United States,USA,1994,0.7,231.0
1511,United States,USA,1997,0.7,231.0
1512,United States,USA,2000,0.7,231.0
1513,United States,USA,2004,1.0,231.0
1514,United States,USA,2007,1.0,231.0
1515,United States,USA,2010,1.0,231.0
1516,United States,USA,2013,1.0,231.0
1517,United States,USA,2016,1.2,231.0
1518,Upper middle income,,1981,55.5,
1519,Upper middle income,,1984,47.9,
1520,Upper middle income,,1987,38.6,
1521,Upper middle income,,1990,41.8,
1522,Upper middle income,,1993,36.5,
1523,Upper middle income,,1996,28.0,
1524,Upper middle income,,1999,26.9,
1525,Upper middle income,,2002,21.1,
1526,Upper middle income,,2005,13.1,
1527,Upper middle income,,2008,9.9,
1528,Upper middle income,,2010,7.8,
1529,Upper middle income,,2011,5.8,
1530,Upper middle income,,2012,4.9,
1531,Upper middle income,,2013,2.4,
1532,Upper middle income,,2015,1.7,
1533,Uruguay,URY,1981,0.0,234.0
1534,Uruguay,URY,1989,0.6,234.0
1535,Uruguay,URY,2006,0.5,234.0
1536,Uruguay,URY,2007,0.3,234.0
1537,Uruguay,URY,2008,0.2,234.0
1538,Uruguay,URY,2009,0.2,234.0
1539,Uruguay,URY,2010,0.1,234.0
1540,Uruguay,URY,2011,0.1,234.0
1541,Uruguay,URY,2012,0.1,234.0
1542,Uruguay,URY,2013,0.2,234.0
1543,Uruguay,URY,2014,0.1,234.0
1544,Uruguay,URY,2015,0.1,234.0
1545,Uruguay,URY,2016,0.1,234.0
1546,Uzbekistan,UZB,1998,40.2,235.0
1547,Uzbekistan,UZB,2000,62.0,235.0
1548,Uzbekistan,UZB,2002,58.2,235.0
1549,Uzbekistan,UZB,2003,62.1,235.0
1550,Vanuatu,VUT,2010,13.2,155.0
1551,Venezuela,VEN,1981,5.8,236.0
1552,Venezuela,VEN,1987,6.1,236.0
1553,Venezuela,VEN,1989,7.4,236.0
1554,Venezuela,VEN,1992,4.8,236.0
1555,Venezuela,VEN,1995,10.4,236.0
1556,Venezuela,VEN,1998,12.8,236.0
1557,Venezuela,VEN,1999,12.0,236.0
1558,Venezuela,VEN,2001,11.0,236.0
1559,Venezuela,VEN,2002,18.2,236.0
1560,Venezuela,VEN,2003,22.7,236.0
1561,Venezuela,VEN,2004,19.8,236.0
1562,Venezuela,VEN,2005,18.9,236.0
1563,Venezuela,VEN,2006,10.2,236.0
1564,Vietnam,VNM,1992,52.9,237.0
1565,Vietnam,VNM,1998,35.5,237.0
1566,Vietnam,VNM,2002,38.0,237.0
1567,Vietnam,VNM,2004,26.5,237.0
1568,Vietnam,VNM,2006,19.5,237.0
1569,Vietnam,VNM,2008,14.8,237.0
1570,Vietnam,VNM,2010,4.2,237.0
1571,Vietnam,VNM,2012,2.8,237.0
1572,Vietnam,VNM,2014,2.6,237.0
1573,Vietnam,VNM,2016,2.0,237.0
1574,World,OWID_WRL,1981,42.2,
1575,World,OWID_WRL,1984,39.2,
1576,World,OWID_WRL,1987,35.4,
1577,World,OWID_WRL,1990,35.9,
1578,World,OWID_WRL,1993,33.9,
1579,World,OWID_WRL,1996,29.4,
1580,World,OWID_WRL,1999,28.6,
1581,World,OWID_WRL,2002,25.6,
1582,World,OWID_WRL,2005,20.7,
1583,World,OWID_WRL,2008,18.1,
1584,World,OWID_WRL,2010,15.7,
1585,World,OWID_WRL,2011,13.7,
1586,World,OWID_WRL,2012,12.8,
1587,World,OWID_WRL,2013,11.2,
1588,World,OWID_WRL,2015,10.0,
1589,Yemen,YEM,1998,7.4,249.0
1590,Yemen,YEM,2005,9.8,249.0
1591,Yemen,YEM,2014,18.8,249.0
1592,Zambia,ZMB,1991,54.1,251.0
1593,Zambia,ZMB,1993,54.5,251.0
1594,Zambia,ZMB,1996,41.7,251.0
1595,Zambia,ZMB,1998,42.1,251.0
1596,Zambia,ZMB,2002,49.4,251.0
1597,Zambia,ZMB,2004,56.7,251.0
1598,Zambia,ZMB,2006,60.5,251.0
1599,Zambia,ZMB,2010,64.4,251.0
1600,Zambia,ZMB,2015,57.5,251.0
1601,Zimbabwe,ZWE,2011,21.4,181.0